,seed,time,number_of_try,depth
0,0,88.83946,359,8
1,1,80.131854,323,7
2,2,219.609543,893,5
3,3,61.050217,250,5
4,4,120.924293,479,6
5,5,108.938809,446,6
6,6,260.165229,1049,7
7,7,524.042646,2124,8
8,8,356.515349,1439,7
9,9,166.912155,676,4
