,seed,time,number_of_try,depth
0,0,89.269808,359,8
1,1,80.585695,323,7
2,2,220.422996,893,5
3,3,61.242808,250,5
4,4,119.919291,479,6
5,5,109.166142,446,6
6,6,261.464862,1049,7
7,7,525.671232,2124,8
8,8,357.040285,1439,7
9,9,167.116397,676,4
